Kategori,Harga,LT,LB,Sertifikat
Rumah,2019600000,283,278,Hak Guna Bangunan (HGB)
Gedung,907200000,58,50,Hak Guna Bangunan (HGB)
Apartemen,822000000,0,137,Hak Guna Bangunan (HGB)
Kost,789600000,122,66,Lainnya
Apartemen,408000000,0,68,Lainnya
Ruko,1728000000,189,171,Hak Guna Bangunan (HGB)
Rumah,2397600000,368,298,Lainnya
Ruko,1440000000,221,79,Hak Milik (HM)
Rumah,1321200000,231,136,Hak Guna Bangunan (HGB)
Ruko,796800000,90,76,Hak Milik (HM)
Gedung,1596000000,127,63,Hak Guna Bangunan (HGB)
Gedung,3729600000,232,212,Hak Guna Bangunan (HGB)
Kost,2595600000,366,252,Hak Milik (HM)
Kost,2058000000,311,179,Lainnya
Rumah,705600000,107,89,Hak Guna Bangunan (HGB)
Ruko,2625600000,427,120,Lainnya
Apartemen,1098000000,0,183,Hak Milik (HM)
Kost,1764000000,274,146,Lainnya
Rumah,1090800000,194,109,Lainnya
Apartemen,240000000,0,40,Lainnya
Rumah,3240000000,467,433,Hak Guna Bangunan (HGB)
Rumah,2466000000,371,314,Hak Milik (HM)
Apartemen,474000000,0,79,Lainnya
Ruko,988800000,167,39,Hak Guna Bangunan (HGB)
Gedung,3108000000,241,129,Lainnya
Gedung,4729200000,350,213,Hak Milik (HM)
Rumah,691200000,137,55,Hak Milik (HM)
Rumah,1843200000,312,200,Lainnya
Apartemen,960000000,0,160,Lainnya
Apartemen,270000000,0,45,Hak Milik (HM)
Apartemen,504000000,0,84,Lainnya
Kost,1167600000,224,54,Hak Milik (HM)
Apartemen,648000000,0,108,Hak Guna Bangunan (HGB)
Gedung,2730000000,179,146,Hak Guna Bangunan (HGB)
Apartemen,942000000,0,157,Lainnya
Gedung,3729600000,397,47,Lainnya
Kost,2658600000,337,296,Hak Guna Bangunan (HGB)
Rumah,1364400000,243,136,Hak Guna Bangunan (HGB)
Apartemen,732000000,0,122,Lainnya
Kost,2200800000,344,180,Lainnya
Kost,3822000000,480,430,Hak Guna Bangunan (HGB)
Ruko,2644800000,319,232,Hak Milik (HM)
Rumah,1076400000,219,80,Hak Guna Bangunan (HGB)
Apartemen,1038000000,0,173,Hak Guna Bangunan (HGB)
Rumah,1602000000,347,98,Hak Guna Bangunan (HGB)
Kost,1885800000,249,200,Lainnya
Gedung,4569600000,278,266,Hak Milik (HM)
Apartemen,480000000,0,80,Hak Milik (HM)
Rumah,1407600000,198,193,Hak Milik (HM)
Ruko,1272000000,152,113,Lainnya
Rumah,2869200000,426,371,Lainnya
Apartemen,522000000,0,87,Lainnya
Kost,1335600000,194,124,Lainnya
Gedung,1369200000,120,43,Hak Milik (HM)
Kost,2070600000,339,154,Lainnya
Kost,2066400000,253,239,Lainnya
Kost,1747200000,267,149,Lainnya
Apartemen,1104000000,0,184,Hak Guna Bangunan (HGB)
Gedung,4981200000,332,261,Hak Milik (HM)
Ruko,2635200000,392,157,Hak Milik (HM)
Gedung,873600000,56,48,Hak Milik (HM)
Kost,365400000,57,30,Hak Milik (HM)
Rumah,2012400000,322,237,Hak Milik (HM)
Apartemen,528000000,0,88,Hak Milik (HM)
Apartemen,366000000,0,61,Hak Milik (HM)
Rumah,1317600000,252,114,Hak Guna Bangunan (HGB)
Rumah,1897200000,279,248,Lainnya
Gedung,940800000,61,51,Hak Milik (HM)
Gedung,4863600000,440,139,Lainnya
Apartemen,264000000,0,44,Hak Milik (HM)
Kost,2776200000,343,318,Lainnya
Kost,2675400000,471,166,Lainnya
Gedung,6560400000,486,295,Lainnya
Apartemen,906000000,0,151,Hak Milik (HM)
Rumah,1432800000,352,46,Hak Milik (HM)
Rumah,2167200000,405,197,Lainnya
Kost,2637600000,492,136,Hak Milik (HM)
Gedung,1125600000,84,50,Lainnya
Rumah,1400400000,341,48,Hak Milik (HM)
Kost,709800000,119,50,Lainnya
Ruko,3417600000,472,240,Hak Milik (HM)
Ruko,729600000,118,34,Lainnya
Ruko,753600000,98,59,Lainnya
Rumah,1987200000,368,184,Hak Guna Bangunan (HGB)
Apartemen,876000000,0,146,Lainnya
Kost,1440600000,183,160,Lainnya
Kost,3011400000,470,247,Hak Guna Bangunan (HGB)
Rumah,684000000,106,84,Hak Milik (HM)
Rumah,1256400000,269,80,Hak Milik (HM)
Kost,1268400000,177,125,Hak Milik (HM)
Kost,3410400000,497,315,Lainnya
Ruko,2145600000,265,182,Lainnya
Kost,2452800000,300,284,Lainnya
Ruko,427200000,53,36,Lainnya
Apartemen,552000000,0,92,Hak Guna Bangunan (HGB)
Apartemen,360000000,0,60,Hak Guna Bangunan (HGB)
Apartemen,1062000000,0,177,Hak Guna Bangunan (HGB)
Apartemen,906000000,0,151,Hak Guna Bangunan (HGB)
Apartemen,546000000,0,91,Hak Milik (HM)
Ruko,1060800000,154,67,Hak Milik (HM)
Ruko,1080000000,156,69,Lainnya
Rumah,979200000,137,135,Hak Guna Bangunan (HGB)
Rumah,1360800000,348,30,Hak Milik (HM)
Kost,1272600000,171,132,Hak Milik (HM)
Ruko,1675200000,177,172,Hak Milik (HM)
Rumah,3045600000,433,413,Hak Milik (HM)
Apartemen,552000000,0,92,Lainnya
Kost,1205400000,186,101,Lainnya
Kost,617400000,87,60,Hak Guna Bangunan (HGB)
Gedung,5619600000,432,237,Hak Milik (HM)
Kost,2150400000,415,97,Hak Guna Bangunan (HGB)
Ruko,3417600000,408,304,Lainnya
Gedung,3175200000,343,35,Hak Milik (HM)
Rumah,2001600000,365,191,Hak Guna Bangunan (HGB)
Ruko,2904000000,340,265,Hak Guna Bangunan (HGB)
Kost,2595600000,448,170,Hak Milik (HM)
Gedung,5754000000,469,216,Hak Guna Bangunan (HGB)
Rumah,1216800000,201,137,Lainnya
Rumah,2930400000,413,401,Lainnya
Gedung,5854800000,360,337,Hak Milik (HM)
Ruko,748800000,112,44,Lainnya
Kost,445200000,56,50,Hak Milik (HM)
Kost,1953000000,325,140,Hak Milik (HM)
Gedung,5745600000,348,336,Hak Milik (HM)
Gedung,5972400000,402,309,Hak Guna Bangunan (HGB)
Kost,1339800000,242,77,Hak Guna Bangunan (HGB)
Ruko,2654400000,447,106,Lainnya
Rumah,2631600000,372,359,Lainnya
Ruko,2428800000,290,216,Lainnya
Ruko,979200000,157,47,Hak Milik (HM)
Rumah,406800000,72,41,Hak Guna Bangunan (HGB)
Rumah,2322000000,494,151,Hak Guna Bangunan (HGB)
Apartemen,1134000000,0,189,Hak Milik (HM)
Rumah,2228400000,495,124,Hak Guna Bangunan (HGB)
Ruko,2059200000,220,209,Hak Guna Bangunan (HGB)
Gedung,4636800000,329,223,Hak Milik (HM)
Gedung,3082800000,313,54,Hak Milik (HM)
Gedung,3292800000,283,109,Lainnya
Ruko,2208000000,307,153,Lainnya
Ruko,475200000,60,39,Hak Milik (HM)
Apartemen,462000000,0,77,Hak Milik (HM)
Kost,1772400000,344,78,Lainnya
Rumah,2073600000,376,200,Hak Milik (HM)
Ruko,854400000,139,39,Lainnya
Ruko,1718400000,281,77,Hak Milik (HM)
Kost,357000000,55,30,Lainnya
Gedung,898800000,63,44,Hak Milik (HM)
Kost,1129800000,161,108,Lainnya
Kost,2784600000,341,322,Hak Milik (HM)
Kost,982800000,190,44,Lainnya
Rumah,1382400000,312,72,Hak Guna Bangunan (HGB)
Kost,1978200000,289,182,Hak Milik (HM)
Gedung,4821600000,375,199,Lainnya
Ruko,1593600000,296,36,Hak Guna Bangunan (HGB)
Gedung,1579200000,117,71,Hak Milik (HM)
Rumah,1666800000,346,117,Hak Guna Bangunan (HGB)
Gedung,3276000000,249,141,Hak Milik (HM)
Kost,1213800000,150,139,Hak Guna Bangunan (HGB)
Ruko,2812800000,464,122,Hak Milik (HM)
Rumah,3088800000,434,424,Lainnya
Ruko,2870400000,301,297,Hak Guna Bangunan (HGB)
Apartemen,750000000,0,125,Lainnya
Gedung,5149200000,347,266,Hak Guna Bangunan (HGB)
Ruko,1699200000,248,106,Hak Guna Bangunan (HGB)
Kost,693000000,132,33,Hak Milik (HM)
Kost,1386000000,185,145,Hak Guna Bangunan (HGB)
Gedung,1528800000,100,82,Hak Guna Bangunan (HGB)
Gedung,6064800000,386,336,Hak Guna Bangunan (HGB)
Apartemen,690000000,0,115,Hak Guna Bangunan (HGB)
Apartemen,1164000000,0,194,Lainnya
Ruko,2750400000,302,271,Lainnya
Gedung,2343600000,243,36,Hak Milik (HM)
Kost,966000000,116,114,Lainnya
Gedung,823200000,65,33,Hak Guna Bangunan (HGB)
Kost,1453200000,237,109,Lainnya
Ruko,475200000,66,33,Hak Guna Bangunan (HGB)
Gedung,1125600000,71,63,Hak Milik (HM)
Kost,2200800000,270,254,Hak Milik (HM)
Ruko,2217600000,304,158,Lainnya
Gedung,4334400000,445,71,Hak Guna Bangunan (HGB)
Ruko,1689600000,217,135,Hak Milik (HM)
Apartemen,654000000,0,109,Hak Milik (HM)
Apartemen,1182000000,0,197,Hak Milik (HM)
Rumah,1839600000,414,97,Hak Milik (HM)
Kost,2158800000,372,142,Hak Guna Bangunan (HGB)
Gedung,2301600000,180,94,Lainnya
Rumah,1429200000,201,196,Lainnya
Kost,2742600000,384,269,Hak Guna Bangunan (HGB)
Gedung,5544000000,442,218,Hak Milik (HM)
Ruko,3494400000,378,350,Lainnya
Apartemen,498000000,0,83,Hak Guna Bangunan (HGB)
Kost,3313800000,443,346,Hak Milik (HM)
Rumah,828000000,197,33,Lainnya
Rumah,1141200000,159,158,Lainnya
Rumah,885600000,170,76,Hak Guna Bangunan (HGB)
Apartemen,1068000000,0,178,Hak Guna Bangunan (HGB)
Apartemen,1194000000,0,199,Hak Guna Bangunan (HGB)
Rumah,1720800000,409,69,Hak Guna Bangunan (HGB)
Kost,651000000,83,72,Lainnya
Rumah,1890000000,264,261,Hak Milik (HM)
Rumah,1598400000,307,137,Lainnya
Gedung,3922800000,390,77,Hak Guna Bangunan (HGB)
Rumah,1760400000,284,205,Hak Guna Bangunan (HGB)
Kost,1780800000,229,195,Hak Guna Bangunan (HGB)
Kost,3473400000,415,412,Lainnya
Ruko,3960000000,449,376,Lainnya
Ruko,648000000,105,30,Hak Milik (HM)
Apartemen,1140000000,0,190,Hak Guna Bangunan (HGB)
Kost,2326800000,315,239,Hak Guna Bangunan (HGB)
Ruko,2990400000,497,126,Hak Milik (HM)
Kost,2675400000,362,275,Lainnya
Kost,894600000,171,42,Hak Milik (HM)
Rumah,1184400000,179,150,Lainnya
Kost,1012200000,187,54,Hak Milik (HM)
Ruko,1368000000,151,134,Hak Guna Bangunan (HGB)
Rumah,561600000,91,65,Lainnya
Gedung,5182800000,374,243,Hak Milik (HM)
Apartemen,984000000,0,164,Hak Guna Bangunan (HGB)
Gedung,3267600000,351,38,Hak Guna Bangunan (HGB)
Apartemen,246000000,0,41,Lainnya
Apartemen,762000000,0,127,Hak Guna Bangunan (HGB)
Ruko,676800000,73,68,Hak Milik (HM)
Ruko,561600000,81,36,Hak Milik (HM)
Kost,1617000000,281,104,Hak Milik (HM)
Gedung,7148400000,477,374,Hak Milik (HM)
Rumah,2016000000,290,270,Hak Guna Bangunan (HGB)
Rumah,1789200000,278,219,Lainnya
Kost,2360400000,480,82,Lainnya
Kost,2373000000,397,168,Hak Guna Bangunan (HGB)
Ruko,3326400000,348,345,Lainnya
Rumah,2206800000,379,234,Hak Milik (HM)
Gedung,4368000000,454,66,Lainnya
Rumah,2430000000,443,232,Hak Guna Bangunan (HGB)
Rumah,2347200000,460,192,Hak Milik (HM)
Rumah,370800000,58,45,Hak Milik (HM)
Rumah,2451600000,480,201,Hak Guna Bangunan (HGB)
Ruko,2865600000,342,255,Hak Guna Bangunan (HGB)
Ruko,1752000000,245,120,Hak Guna Bangunan (HGB)
Rumah,1821600000,424,82,Lainnya
Rumah,1180800000,206,122,Lainnya
Gedung,3805200000,265,188,Lainnya
Kost,819000000,144,51,Lainnya
Ruko,1588800000,231,100,Hak Milik (HM)
Kost,701400000,127,40,Lainnya
Rumah,3146400000,486,388,Lainnya
Rumah,1890000000,274,251,Hak Milik (HM)
Apartemen,234000000,0,39,Hak Milik (HM)
Kost,1117200000,184,82,Hak Milik (HM)
Gedung,5140800000,333,279,Hak Guna Bangunan (HGB)
Kost,2276400000,300,242,Hak Guna Bangunan (HGB)
Ruko,739200000,109,45,Lainnya
Rumah,1893600000,279,247,Lainnya
Ruko,2424000000,341,164,Hak Guna Bangunan (HGB)
Ruko,2304000000,248,232,Hak Milik (HM)
Rumah,432000000,68,52,Hak Guna Bangunan (HGB)
Gedung,3595200000,296,132,Lainnya
Apartemen,798000000,0,133,Hak Guna Bangunan (HGB)
Apartemen,522000000,0,87,Hak Guna Bangunan (HGB)
Gedung,5224800000,324,298,Hak Milik (HM)
Kost,1948800000,270,194,Lainnya
Kost,1394400000,178,154,Hak Milik (HM)
Ruko,1838400000,345,38,Lainnya
Gedung,3847200000,343,115,Hak Milik (HM)
Rumah,1371600000,246,135,Hak Milik (HM)
Ruko,2880000000,492,108,Hak Guna Bangunan (HGB)
Gedung,1369200000,84,79,Lainnya
Ruko,1032000000,173,42,Lainnya
Gedung,6636000000,427,363,Lainnya
Rumah,2059200000,294,278,Lainnya
Apartemen,630000000,0,105,Lainnya
Gedung,3099600000,292,77,Lainnya
Kost,2969400000,392,315,Hak Milik (HM)
Apartemen,990000000,0,165,Hak Guna Bangunan (HGB)
Ruko,652800000,72,64,Lainnya
Kost,957600000,164,64,Hak Guna Bangunan (HGB)
Ruko,3216000000,496,174,Hak Guna Bangunan (HGB)
Rumah,1346400000,322,52,Hak Milik (HM)
Gedung,4208400000,428,73,Hak Milik (HM)
Rumah,345600000,58,38,Hak Guna Bangunan (HGB)
Gedung,2562000000,215,90,Hak Milik (HM)
Gedung,1318800000,93,64,Lainnya
Gedung,4855200000,467,111,Hak Guna Bangunan (HGB)
Apartemen,288000000,0,48,Lainnya
Kost,2629200000,472,154,Hak Guna Bangunan (HGB)
Gedung,5107200000,447,161,Hak Guna Bangunan (HGB)
Rumah,2354400000,476,178,Hak Milik (HM)
Gedung,5997600000,449,265,Hak Milik (HM)
Apartemen,492000000,0,82,Hak Milik (HM)
Kost,1134000000,213,57,Lainnya
Apartemen,1038000000,0,173,Hak Milik (HM)
Apartemen,726000000,0,121,Hak Milik (HM)
Apartemen,1170000000,0,195,Hak Guna Bangunan (HGB)
Apartemen,708000000,0,118,Hak Milik (HM)
Gedung,5182800000,383,234,Hak Guna Bangunan (HGB)
Apartemen,618000000,0,103,Hak Guna Bangunan (HGB)
Gedung,4191600000,329,170,Hak Milik (HM)
Ruko,1843200000,276,108,Hak Milik (HM)
Gedung,1486800000,105,72,Lainnya
Rumah,1731600000,302,179,Lainnya
Gedung,2192400000,161,100,Hak Milik (HM)
Apartemen,390000000,0,65,Hak Milik (HM)
Rumah,421200000,67,50,Hak Guna Bangunan (HGB)
Apartemen,912000000,0,152,Hak Guna Bangunan (HGB)
Kost,3490200000,439,392,Hak Milik (HM)
Gedung,3276000000,213,177,Lainnya
Apartemen,840000000,0,140,Lainnya
Apartemen,828000000,0,138,Hak Milik (HM)
Ruko,504000000,56,49,Lainnya
Gedung,3116400000,252,119,Hak Guna Bangunan (HGB)
Apartemen,342000000,0,57,Lainnya
Apartemen,204000000,0,34,Hak Milik (HM)
Kost,575400000,95,42,Hak Milik (HM)
Rumah,1753200000,260,227,Lainnya
Rumah,1180800000,237,91,Lainnya
Kost,2881200000,454,232,Hak Guna Bangunan (HGB)
Gedung,4166400000,391,105,Lainnya
Gedung,4351200000,456,62,Hak Guna Bangunan (HGB)
Ruko,2520000000,403,122,Hak Milik (HM)
Gedung,2940000000,238,112,Hak Milik (HM)
Apartemen,930000000,0,155,Lainnya
Rumah,820800000,138,90,Hak Milik (HM)
Kost,1629600000,240,148,Hak Guna Bangunan (HGB)
Rumah,1494000000,289,126,Lainnya
Apartemen,1116000000,0,186,Lainnya
Ruko,936000000,120,75,Lainnya
Rumah,2574000000,381,334,Hak Guna Bangunan (HGB)
Ruko,1627200000,270,69,Hak Milik (HM)
Rumah,1299600000,329,32,Hak Milik (HM)
Apartemen,1176000000,0,196,Hak Guna Bangunan (HGB)
Gedung,2604000000,245,65,Hak Guna Bangunan (HGB)
Kost,2641800000,427,202,Lainnya
Gedung,1134000000,81,54,Hak Guna Bangunan (HGB)
Rumah,982800000,150,123,Lainnya
Rumah,2080800000,483,95,Lainnya
Apartemen,252000000,0,42,Hak Milik (HM)
Rumah,579600000,129,32,Lainnya
Kost,676200000,115,46,Hak Guna Bangunan (HGB)
Kost,949200000,145,81,Lainnya
Gedung,5628000000,356,314,Hak Milik (HM)
Ruko,2424000000,287,218,Hak Milik (HM)
Apartemen,1068000000,0,178,Lainnya
Apartemen,822000000,0,137,Lainnya
Gedung,6602400000,455,331,Hak Guna Bangunan (HGB)
Gedung,5182800000,443,174,Lainnya
Kost,466200000,57,54,Lainnya
Kost,1554000000,237,133,Hak Guna Bangunan (HGB)
Apartemen,708000000,0,118,Hak Guna Bangunan (HGB)
Gedung,6972000000,485,345,Hak Milik (HM)
Ruko,2020800000,299,122,Hak Guna Bangunan (HGB)
Rumah,2455200000,474,208,Hak Guna Bangunan (HGB)
Apartemen,222000000,0,37,Lainnya
Apartemen,432000000,0,72,Hak Milik (HM)
Kost,1600200000,331,50,Hak Guna Bangunan (HGB)
Apartemen,726000000,0,121,Lainnya
Ruko,2630400000,444,104,Hak Milik (HM)
Kost,1953000000,377,88,Hak Guna Bangunan (HGB)
Rumah,2142000000,484,111,Lainnya
Kost,1176000000,170,110,Hak Guna Bangunan (HGB)
Apartemen,990000000,0,165,Hak Guna Bangunan (HGB)
Kost,2725800000,330,319,Hak Guna Bangunan (HGB)
Gedung,5031600000,493,106,Hak Guna Bangunan (HGB)
Kost,1457400000,262,85,Lainnya
Ruko,2760000000,488,87,Hak Milik (HM)
Apartemen,222000000,0,37,Lainnya
Apartemen,1164000000,0,194,Lainnya
Rumah,2311200000,389,253,Lainnya
Gedung,4536000000,484,56,Hak Milik (HM)
Gedung,2394000000,157,128,Hak Milik (HM)
Ruko,2976000000,350,270,Lainnya
Gedung,3234000000,354,31,Lainnya
Gedung,5409600000,411,233,Lainnya
Rumah,1602000000,331,114,Lainnya
Apartemen,918000000,0,153,Hak Guna Bangunan (HGB)
Rumah,694800000,135,58,Hak Milik (HM)
Gedung,2049600000,154,90,Hak Guna Bangunan (HGB)
Apartemen,696000000,0,116,Hak Milik (HM)
Ruko,1382400000,170,118,Lainnya
Gedung,4796400000,332,239,Hak Milik (HM)
Rumah,1116000000,249,61,Hak Guna Bangunan (HGB)
Apartemen,708000000,0,118,Hak Guna Bangunan (HGB)
Gedung,5241600000,367,257,Hak Milik (HM)
Rumah,1436400000,209,190,Lainnya
Ruko,2832000000,433,157,Hak Guna Bangunan (HGB)
Ruko,1156800000,169,72,Hak Milik (HM)
Kost,2977800000,482,227,Hak Milik (HM)
Gedung,1310400000,101,55,Hak Milik (HM)
Rumah,1522800000,242,181,Hak Guna Bangunan (HGB)
Rumah,644400000,90,89,Lainnya
Apartemen,576000000,0,96,Hak Guna Bangunan (HGB)
Kost,705600000,91,77,Lainnya
Gedung,4401600000,346,178,Hak Milik (HM)
Ruko,1156800000,123,118,Hak Guna Bangunan (HGB)
Gedung,1192800000,72,70,Hak Milik (HM)
Kost,1701000000,282,123,Lainnya
Apartemen,744000000,0,124,Hak Guna Bangunan (HGB)
Rumah,1141200000,186,131,Hak Guna Bangunan (HGB)
Ruko,3264000000,438,242,Lainnya
Kost,995400000,137,100,Hak Guna Bangunan (HGB)
Kost,2226000000,354,176,Lainnya
Rumah,1659600000,317,144,Hak Milik (HM)
Gedung,3704400000,274,167,Hak Guna Bangunan (HGB)
Kost,1108800000,169,95,Hak Milik (HM)
Gedung,1890000000,151,74,Lainnya
Gedung,1957200000,161,72,Hak Guna Bangunan (HGB)
Ruko,1550400000,165,158,Lainnya
Apartemen,1110000000,0,185,Lainnya
Gedung,1377600000,132,32,Hak Guna Bangunan (HGB)
Rumah,1933200000,329,208,Lainnya
Rumah,1872000000,276,244,Hak Guna Bangunan (HGB)
Gedung,2116800000,153,99,Hak Guna Bangunan (HGB)
Rumah,684000000,128,62,Hak Guna Bangunan (HGB)
Rumah,525600000,80,66,Hak Milik (HM)
Apartemen,966000000,0,161,Hak Guna Bangunan (HGB)
Gedung,3670800000,326,111,Lainnya
Gedung,1192800000,98,44,Hak Guna Bangunan (HGB)
Gedung,5602800000,391,276,Lainnya
Apartemen,1068000000,0,178,Hak Guna Bangunan (HGB)
Rumah,1440000000,288,112,Lainnya
Gedung,1234800000,102,45,Hak Guna Bangunan (HGB)
Kost,1608600000,323,60,Hak Milik (HM)
Kost,3297000000,450,335,Hak Milik (HM)
Ruko,3840000000,452,348,Lainnya
Rumah,1166400000,238,86,Lainnya
Gedung,957600000,64,50,Lainnya
Kost,819000000,117,78,Hak Guna Bangunan (HGB)
Apartemen,1056000000,0,176,Hak Milik (HM)
Ruko,542400000,65,48,Hak Milik (HM)
Kost,630000000,85,65,Lainnya
Rumah,460800000,93,35,Hak Guna Bangunan (HGB)
Kost,2297400000,472,75,Hak Guna Bangunan (HGB)
Apartemen,396000000,0,66,Hak Guna Bangunan (HGB)
Apartemen,1026000000,0,171,Hak Guna Bangunan (HGB)
Ruko,2217600000,356,106,Hak Milik (HM)
Ruko,3105600000,355,292,Hak Milik (HM)
Kost,2171400000,444,73,Hak Guna Bangunan (HGB)
Kost,3099600000,370,368,Hak Guna Bangunan (HGB)
Ruko,4032000000,485,355,Hak Guna Bangunan (HGB)
Rumah,1418400000,280,114,Hak Milik (HM)
Ruko,696000000,97,48,Lainnya
Apartemen,1194000000,0,199,Lainnya
Ruko,2241600000,268,199,Lainnya
Ruko,916800000,108,83,Lainnya
Rumah,576000000,119,41,Hak Guna Bangunan (HGB)
Gedung,1663200000,112,86,Hak Milik (HM)
Apartemen,306000000,0,51,Hak Guna Bangunan (HGB)
Apartemen,192000000,0,32,Lainnya
Ruko,2755200000,477,97,Lainnya
Apartemen,564000000,0,94,Hak Guna Bangunan (HGB)
Rumah,1868400000,314,205,Hak Guna Bangunan (HGB)
Kost,3507000000,446,389,Hak Guna Bangunan (HGB)
Apartemen,450000000,0,75,Hak Guna Bangunan (HGB)
Ruko,3427200000,434,280,Hak Guna Bangunan (HGB)
Rumah,990000000,151,124,Lainnya
Kost,2956800000,389,315,Hak Milik (HM)
Rumah,468000000,74,56,Hak Milik (HM)
Kost,2335200000,355,201,Hak Milik (HM)
Apartemen,600000000,0,100,Hak Guna Bangunan (HGB)
Rumah,1425600000,228,168,Lainnya
Kost,1659000000,203,192,Hak Guna Bangunan (HGB)
Ruko,2414400000,274,229,Hak Guna Bangunan (HGB)
Apartemen,588000000,0,98,Lainnya
Rumah,392400000,56,53,Lainnya
Gedung,6510000000,453,322,Lainnya
Apartemen,534000000,0,89,Hak Milik (HM)
Apartemen,204000000,0,34,Lainnya
Ruko,2443200000,259,250,Hak Milik (HM)
Ruko,1171200000,214,30,Lainnya
Ruko,3864000000,429,376,Lainnya
Apartemen,204000000,0,34,Hak Guna Bangunan (HGB)
Apartemen,228000000,0,38,Hak Guna Bangunan (HGB)
Kost,516600000,65,58,Lainnya
Gedung,2973600000,199,155,Hak Milik (HM)
Rumah,2919600000,428,383,Hak Milik (HM)
Gedung,4645200000,403,150,Hak Milik (HM)
Gedung,848400000,67,34,Hak Milik (HM)
Rumah,2307600000,415,226,Hak Milik (HM)
Ruko,1670400000,284,64,Hak Guna Bangunan (HGB)
Kost,1163400000,144,133,Hak Guna Bangunan (HGB)
Ruko,4118400000,469,389,Hak Milik (HM)
Rumah,3301200000,459,458,Hak Guna Bangunan (HGB)
Rumah,2293200000,339,298,Lainnya
Ruko,2961600000,433,184,Hak Milik (HM)
Apartemen,354000000,0,59,Hak Milik (HM)
Ruko,1180800000,192,54,Hak Guna Bangunan (HGB)
Ruko,2294400000,356,122,Lainnya
Ruko,1070400000,117,106,Hak Guna Bangunan (HGB)
Rumah,2286000000,482,153,Hak Milik (HM)
Kost,2864400000,359,323,Lainnya
Kost,529200000,74,52,Hak Guna Bangunan (HGB)
Apartemen,240000000,0,40,Lainnya
Gedung,4813200000,310,263,Lainnya
Gedung,7022400000,429,407,Hak Milik (HM)
Kost,1176000000,200,80,Hak Milik (HM)
Apartemen,1044000000,0,174,Hak Guna Bangunan (HGB)
Rumah,2019600000,403,158,Hak Milik (HM)
Ruko,2500800000,357,164,Hak Guna Bangunan (HGB)
Ruko,2404800000,384,117,Hak Guna Bangunan (HGB)
Gedung,2142000000,197,58,Hak Milik (HM)
Apartemen,882000000,0,147,Lainnya
Kost,1050000000,160,90,Hak Guna Bangunan (HGB)
Gedung,4645200000,487,66,Hak Milik (HM)
Kost,915600000,183,35,Hak Milik (HM)
Kost,2045400000,260,227,Hak Milik (HM)
Kost,2352000000,500,60,Lainnya
Apartemen,1014000000,0,169,Hak Guna Bangunan (HGB)
Apartemen,960000000,0,160,Hak Milik (HM)
Rumah,691200000,161,31,Lainnya
Apartemen,282000000,0,47,Hak Guna Bangunan (HGB)
Gedung,5426400000,455,191,Hak Milik (HM)
Apartemen,300000000,0,50,Hak Guna Bangunan (HGB)
Rumah,1022400000,188,96,Lainnya
Rumah,716400000,154,45,Hak Milik (HM)
Rumah,1803600000,432,69,Lainnya
Kost,2578800000,349,265,Lainnya
Ruko,2635200000,374,175,Hak Milik (HM)
Kost,2255400000,449,88,Hak Milik (HM)
Kost,966000000,200,30,Hak Guna Bangunan (HGB)
Kost,3187800000,470,289,Lainnya
Apartemen,1098000000,0,183,Lainnya
Apartemen,192000000,0,32,Lainnya
Rumah,2646000000,439,296,Lainnya
Apartemen,180000000,0,30,Hak Guna Bangunan (HGB)
Kost,861000000,154,51,Hak Milik (HM)
Ruko,4593600000,480,477,Lainnya
Kost,890400000,106,106,Lainnya
Kost,1835400000,365,72,Lainnya
Ruko,1972800000,275,136,Lainnya
Kost,1545600000,240,128,Lainnya
Ruko,2121600000,280,162,Lainnya
Gedung,5980800000,382,330,Hak Guna Bangunan (HGB)
Rumah,2962800000,466,357,Lainnya
Ruko,2985600000,352,270,Hak Milik (HM)
Kost,2776200000,391,270,Lainnya
Ruko,974400000,105,98,Hak Milik (HM)
Ruko,1344000000,141,139,Lainnya
Gedung,7089600000,462,382,Hak Milik (HM)
Gedung,7148400000,480,371,Lainnya
Apartemen,822000000,0,137,Hak Guna Bangunan (HGB)
Kost,2196600000,479,44,Lainnya
Apartemen,384000000,0,64,Lainnya
Gedung,4149600000,442,52,Hak Milik (HM)
Kost,1780800000,264,160,Lainnya
Gedung,2797200000,206,127,Lainnya
Rumah,2361600000,421,235,Hak Guna Bangunan (HGB)
Apartemen,672000000,0,112,Lainnya
Kost,1449000000,243,102,Hak Guna Bangunan (HGB)
Kost,378000000,59,31,Lainnya
Rumah,1008000000,232,48,Hak Guna Bangunan (HGB)
Ruko,2462400000,425,88,Hak Milik (HM)
Ruko,2232000000,242,223,Hak Milik (HM)
Gedung,3889200000,258,205,Hak Milik (HM)
Apartemen,528000000,0,88,Hak Milik (HM)
Rumah,2246400000,370,254,Lainnya
Rumah,921600000,154,102,Hak Guna Bangunan (HGB)
Rumah,777600000,129,87,Hak Milik (HM)
Ruko,811200000,114,55,Lainnya
Rumah,705600000,148,48,Hak Guna Bangunan (HGB)
Kost,2066400000,274,218,Lainnya
Kost,1810200000,305,126,Hak Guna Bangunan (HGB)
Rumah,1990800000,486,67,Hak Milik (HM)
Ruko,1651200000,204,140,Lainnya
Kost,2889600000,352,336,Hak Guna Bangunan (HGB)
Kost,2146200000,422,89,Hak Guna Bangunan (HGB)
Kost,2515800000,485,114,Hak Guna Bangunan (HGB)
Gedung,1654800000,121,76,Lainnya
Rumah,2599200000,433,289,Lainnya
Gedung,5510400000,448,208,Hak Milik (HM)
Ruko,2505600000,287,235,Lainnya
Apartemen,576000000,0,96,Hak Milik (HM)
Apartemen,564000000,0,94,Hak Milik (HM)
Kost,802200000,122,69,Hak Guna Bangunan (HGB)
Gedung,1932000000,156,74,Hak Guna Bangunan (HGB)
Kost,2003400000,252,225,Hak Guna Bangunan (HGB)
Ruko,2212800000,370,91,Hak Milik (HM)
Gedung,1428000000,107,63,Lainnya
Rumah,2667600000,420,321,Hak Guna Bangunan (HGB)
Apartemen,1050000000,0,175,Hak Guna Bangunan (HGB)
Kost,600600000,99,44,Lainnya
Rumah,1976400000,283,266,Hak Milik (HM)
Rumah,3211200000,464,428,Hak Guna Bangunan (HGB)
Gedung,1663200000,106,92,Lainnya
Kost,3066000000,470,260,Lainnya
Ruko,1252800000,213,48,Lainnya
Ruko,2044800000,330,96,Hak Milik (HM)
Apartemen,684000000,0,114,Hak Milik (HM)
Kost,1386000000,175,155,Hak Guna Bangunan (HGB)
Gedung,1293600000,80,74,Lainnya
Kost,1499400000,232,125,Hak Milik (HM)
Apartemen,1194000000,0,199,Hak Guna Bangunan (HGB)
Gedung,898800000,73,34,Hak Milik (HM)
Rumah,1234800000,208,135,Lainnya
Gedung,3679200000,278,160,Hak Guna Bangunan (HGB)
Ruko,681600000,112,30,Hak Milik (HM)
Gedung,4536000000,321,219,Lainnya
Gedung,848400000,55,46,Lainnya
Rumah,1785600000,365,131,Lainnya
Ruko,3475200000,383,341,Lainnya
Gedung,2688000000,167,153,Lainnya
Apartemen,768000000,0,128,Hak Guna Bangunan (HGB)
Rumah,2703600000,388,363,Hak Guna Bangunan (HGB)
Gedung,6501600000,472,302,Hak Milik (HM)
Kost,1911000000,414,41,Hak Milik (HM)
Ruko,1046400000,157,61,Hak Milik (HM)
Gedung,4729200000,302,261,Hak Milik (HM)
Gedung,3805200000,308,145,Lainnya
Ruko,2505600000,382,140,Hak Milik (HM)
Gedung,4006800000,255,222,Hak Milik (HM)
Apartemen,192000000,0,32,Lainnya
Kost,1050000000,190,60,Lainnya
Ruko,2659200000,418,136,Hak Guna Bangunan (HGB)
Apartemen,348000000,0,58,Lainnya
Ruko,2966400000,319,299,Lainnya
Rumah,604800000,84,84,Hak Milik (HM)
Gedung,1654800000,147,50,Lainnya
Rumah,367200000,58,44,Lainnya
Apartemen,378000000,0,63,Lainnya
Gedung,1722000000,139,66,Hak Guna Bangunan (HGB)
Kost,680400000,106,56,Hak Guna Bangunan (HGB)
Gedung,4250400000,388,118,Hak Milik (HM)
Apartemen,192000000,0,32,Lainnya
Apartemen,228000000,0,38,Hak Guna Bangunan (HGB)
Apartemen,630000000,0,105,Hak Milik (HM)
Kost,1071000000,153,102,Hak Guna Bangunan (HGB)
Apartemen,960000000,0,160,Lainnya
Gedung,5636400000,344,327,Hak Guna Bangunan (HGB)
Apartemen,570000000,0,95,Hak Guna Bangunan (HGB)
Apartemen,768000000,0,128,Hak Milik (HM)
Ruko,3825600000,425,372,Lainnya
Kost,1234800000,183,111,Hak Milik (HM)
Rumah,1414800000,281,112,Lainnya
Apartemen,432000000,0,72,Lainnya
Apartemen,204000000,0,34,Hak Guna Bangunan (HGB)
Rumah,2131200000,337,255,Hak Milik (HM)
Gedung,6350400000,466,290,Hak Milik (HM)
Rumah,2707200000,423,329,Lainnya
Gedung,2150400000,192,64,Lainnya
Kost,1058400000,207,45,Hak Guna Bangunan (HGB)
Ruko,2865600000,479,118,Lainnya
Rumah,349200000,56,41,Hak Guna Bangunan (HGB)
Ruko,2088000000,330,105,Lainnya
Ruko,3873600000,417,390,Hak Guna Bangunan (HGB)
Ruko,4291200000,465,429,Hak Guna Bangunan (HGB)
Gedung,7442400000,487,399,Lainnya
Rumah,2476800000,397,291,Hak Milik (HM)
Apartemen,426000000,0,71,Hak Guna Bangunan (HGB)
Kost,3452400000,425,397,Lainnya
Kost,2415000000,454,121,Hak Milik (HM)
Kost,2137800000,409,100,Hak Guna Bangunan (HGB)
Ruko,960000000,149,51,Lainnya
Ruko,2688000000,288,272,Hak Milik (HM)
Apartemen,834000000,0,139,Hak Milik (HM)
Ruko,2822400000,383,205,Hak Milik (HM)
Kost,3418800000,408,406,Hak Milik (HM)
Ruko,1353600000,244,38,Hak Guna Bangunan (HGB)
Kost,1024800000,186,58,Hak Guna Bangunan (HGB)
Kost,1201200000,209,77,Lainnya
Gedung,2368800000,189,93,Hak Guna Bangunan (HGB)
Apartemen,732000000,0,122,Hak Milik (HM)
Gedung,4460400000,269,262,Hak Guna Bangunan (HGB)
Apartemen,390000000,0,65,Hak Guna Bangunan (HGB)
Apartemen,1128000000,0,188,Lainnya
Ruko,633600000,98,34,Hak Milik (HM)
Kost,2864400000,474,208,Lainnya
Ruko,3201600000,367,300,Hak Guna Bangunan (HGB)
Kost,1407000000,206,129,Lainnya
Rumah,2635200000,436,296,Hak Guna Bangunan (HGB)
Rumah,1915200000,343,189,Hak Milik (HM)
Rumah,2167200000,418,184,Hak Guna Bangunan (HGB)
Kost,1948800000,423,41,Hak Milik (HM)
Kost,739200000,92,84,Hak Milik (HM)
Apartemen,1050000000,0,175,Hak Guna Bangunan (HGB)
Rumah,2444400000,391,288,Hak Guna Bangunan (HGB)
Apartemen,846000000,0,141,Hak Guna Bangunan (HGB)
Rumah,1404000000,239,151,Hak Guna Bangunan (HGB)
Rumah,669600000,105,81,Hak Milik (HM)
Apartemen,480000000,0,80,Hak Milik (HM)
Kost,819000000,122,73,Hak Milik (HM)
Gedung,5266800000,403,224,Hak Guna Bangunan (HGB)
Ruko,1257600000,206,56,Hak Milik (HM)
Kost,2772000000,436,224,Hak Guna Bangunan (HGB)
Apartemen,606000000,0,101,Lainnya
Gedung,2133600000,216,38,Hak Guna Bangunan (HGB)
Rumah,1015200000,214,68,Lainnya
Rumah,799200000,130,92,Hak Milik (HM)
Kost,2263800000,352,187,Hak Guna Bangunan (HGB)
Gedung,3637200000,260,173,Hak Guna Bangunan (HGB)
Gedung,6829200000,407,406,Hak Milik (HM)
Kost,1092000000,140,120,Hak Guna Bangunan (HGB)
Ruko,1953600000,323,84,Lainnya
Gedung,3494400000,275,141,Hak Guna Bangunan (HGB)
Kost,953400000,189,38,Hak Guna Bangunan (HGB)
Kost,1247400000,204,93,Hak Guna Bangunan (HGB)
Ruko,1905600000,208,189,Lainnya
Apartemen,1056000000,0,176,Lainnya
Rumah,662400000,119,65,Hak Milik (HM)
Apartemen,198000000,0,33,Hak Guna Bangunan (HGB)
Apartemen,450000000,0,75,Hak Milik (HM)
Rumah,2181600000,320,286,Hak Milik (HM)
Apartemen,246000000,0,41,Hak Milik (HM)
Ruko,921600000,126,66,Hak Milik (HM)
Kost,1873200000,234,212,Lainnya
Apartemen,204000000,0,34,Hak Milik (HM)
Apartemen,948000000,0,158,Hak Milik (HM)
Rumah,1677600000,394,72,Hak Milik (HM)
Gedung,2923200000,196,152,Hak Milik (HM)
Rumah,1389600000,238,148,Hak Guna Bangunan (HGB)
Ruko,3955200000,475,349,Hak Guna Bangunan (HGB)
Apartemen,264000000,0,44,Hak Milik (HM)
Ruko,1300800000,162,109,Hak Milik (HM)
Rumah,3315600000,482,439,Lainnya
Apartemen,822000000,0,137,Hak Milik (HM)
Apartemen,540000000,0,90,Hak Guna Bangunan (HGB)
Gedung,2352000000,217,63,Hak Guna Bangunan (HGB)
Gedung,3847200000,366,92,Hak Milik (HM)
Rumah,2484000000,470,220,Hak Milik (HM)
Rumah,2894400000,457,347,Hak Guna Bangunan (HGB)
Kost,877800000,149,60,Lainnya
Kost,3087000000,373,362,Hak Milik (HM)
Ruko,1617600000,242,95,Hak Milik (HM)
Kost,1482600000,279,74,Hak Guna Bangunan (HGB)
Gedung,2352000000,229,51,Hak Guna Bangunan (HGB)
Kost,978600000,136,97,Hak Guna Bangunan (HGB)
Apartemen,756000000,0,126,Hak Guna Bangunan (HGB)
Kost,2935800000,446,253,Hak Milik (HM)
Ruko,2601600000,304,238,Hak Guna Bangunan (HGB)
Kost,1915200000,305,151,Lainnya
Gedung,2503200000,170,128,Hak Guna Bangunan (HGB)
Apartemen,690000000,0,115,Lainnya
Kost,730800000,115,59,Lainnya
Apartemen,504000000,0,84,Hak Guna Bangunan (HGB)
Rumah,363600000,55,46,Lainnya
Gedung,4334400000,298,218,Hak Milik (HM)
Ruko,1843200000,350,34,Lainnya
Kost,898800000,128,86,Hak Milik (HM)
Gedung,2822400000,176,160,Hak Guna Bangunan (HGB)
Kost,1768200000,315,106,Hak Milik (HM)
Ruko,964800000,124,77,Lainnya
Apartemen,666000000,0,111,Hak Guna Bangunan (HGB)
Ruko,3235200000,431,243,Lainnya
Gedung,2368800000,164,118,Hak Milik (HM)
Kost,2545200000,406,200,Lainnya
Gedung,2797200000,249,84,Lainnya
Apartemen,978000000,0,163,Lainnya
Rumah,774000000,160,55,Hak Guna Bangunan (HGB)
Ruko,1320000000,154,121,Hak Guna Bangunan (HGB)
Gedung,6820800000,423,389,Lainnya
Gedung,4796400000,338,233,Hak Guna Bangunan (HGB)
Rumah,2174400000,334,270,Lainnya
Kost,1776600000,238,185,Hak Milik (HM)
Rumah,2084400000,424,155,Lainnya
Kost,1478400000,251,101,Hak Milik (HM)
Ruko,2961600000,352,265,Hak Guna Bangunan (HGB)
Gedung,5644800000,452,220,Hak Milik (HM)
Apartemen,492000000,0,82,Hak Milik (HM)
Apartemen,600000000,0,100,Lainnya
Rumah,1299600000,239,122,Lainnya
Gedung,2032800000,169,73,Lainnya
Kost,1894200000,370,81,Lainnya
Apartemen,192000000,0,32,Hak Guna Bangunan (HGB)
Apartemen,672000000,0,112,Hak Milik (HM)
Ruko,2755200000,299,275,Lainnya
Gedung,3318000000,204,191,Hak Milik (HM)
Kost,2851800000,483,196,Hak Milik (HM)
Rumah,705600000,99,97,Hak Milik (HM)
Rumah,1810800000,289,214,Lainnya
Apartemen,450000000,0,75,Hak Guna Bangunan (HGB)
Ruko,2112000000,234,206,Lainnya
Apartemen,1086000000,0,181,Hak Milik (HM)
Apartemen,222000000,0,37,Hak Milik (HM)
Kost,1726200000,379,32,Lainnya
Kost,2633400000,374,253,Hak Guna Bangunan (HGB)
Gedung,4477200000,448,85,Hak Guna Bangunan (HGB)
Ruko,1296000000,154,116,Hak Guna Bangunan (HGB)
Kost,2339400000,393,164,Hak Milik (HM)
Ruko,1444800000,193,108,Hak Milik (HM)
Kost,2486400000,353,239,Lainnya
Apartemen,1002000000,0,167,Hak Milik (HM)
Rumah,1296000000,307,53,Hak Milik (HM)
Gedung,823200000,55,43,Lainnya
Ruko,1320000000,148,127,Hak Milik (HM)
Ruko,979200000,146,58,Hak Guna Bangunan (HGB)
Gedung,4040400000,372,109,Hak Guna Bangunan (HGB)
Apartemen,1098000000,0,183,Hak Milik (HM)
Rumah,853200000,194,43,Hak Guna Bangunan (HGB)
Kost,672000000,116,44,Lainnya
Gedung,764400000,57,34,Lainnya
Gedung,2184000000,160,100,Lainnya
Apartemen,1074000000,0,179,Lainnya
Apartemen,558000000,0,93,Hak Guna Bangunan (HGB)
Apartemen,768000000,0,128,Hak Guna Bangunan (HGB)
Ruko,2222400000,322,141,Hak Guna Bangunan (HGB)
Ruko,609600000,96,31,Hak Guna Bangunan (HGB)
Gedung,3939600000,331,138,Lainnya
Rumah,486000000,85,50,Hak Milik (HM)
Apartemen,1158000000,0,193,Lainnya
Ruko,1694400000,323,30,Hak Milik (HM)
Gedung,4989600000,382,212,Hak Milik (HM)
Gedung,6703200000,455,343,Hak Guna Bangunan (HGB)
Kost,743400000,89,88,Lainnya
Apartemen,744000000,0,124,Hak Milik (HM)
Gedung,4998000000,367,228,Lainnya
Kost,2940000000,396,304,Hak Milik (HM)
Apartemen,768000000,0,128,Hak Milik (HM)
Ruko,4142400000,478,385,Hak Milik (HM)
Gedung,4561200000,487,56,Hak Milik (HM)
Gedung,4796400000,486,85,Lainnya
Rumah,2836800000,436,352,Hak Guna Bangunan (HGB)
Gedung,1898400000,132,94,Hak Guna Bangunan (HGB)
Rumah,2692800000,387,361,Hak Guna Bangunan (HGB)
Kost,470400000,71,41,Hak Milik (HM)
Apartemen,516000000,0,86,Lainnya
Rumah,1000800000,227,51,Hak Milik (HM)
Kost,1419600000,213,125,Hak Milik (HM)
Apartemen,570000000,0,95,Hak Milik (HM)
Apartemen,324000000,0,54,Lainnya
Gedung,3897600000,405,59,Hak Guna Bangunan (HGB)
Rumah,752400000,132,77,Hak Milik (HM)
Gedung,5451600000,423,226,Lainnya
Kost,3578400000,455,397,Lainnya
Rumah,2754000000,470,295,Hak Milik (HM)
Apartemen,630000000,0,105,Hak Milik (HM)
Rumah,3218400000,482,412,Hak Milik (HM)
Ruko,1104000000,132,98,Hak Guna Bangunan (HGB)
Kost,2129400000,467,40,Hak Guna Bangunan (HGB)
Rumah,1242000000,260,85,Hak Milik (HM)
Apartemen,780000000,0,130,Hak Milik (HM)
Ruko,2688000000,428,132,Lainnya
Ruko,2913600000,422,185,Hak Milik (HM)
Ruko,1425600000,195,102,Lainnya
Kost,2083200000,439,57,Hak Guna Bangunan (HGB)
Rumah,1533600000,264,162,Hak Guna Bangunan (HGB)
Apartemen,648000000,0,108,Hak Guna Bangunan (HGB)
Gedung,6367200000,424,334,Hak Guna Bangunan (HGB)
Gedung,4401600000,335,189,Hak Milik (HM)
Ruko,1161600000,137,105,Hak Guna Bangunan (HGB)
Rumah,2199600000,367,244,Hak Milik (HM)
Kost,575400000,81,56,Hak Milik (HM)
Apartemen,402000000,0,67,Hak Milik (HM)
Kost,911400000,171,46,Hak Milik (HM)
Rumah,1699200000,277,195,Hak Guna Bangunan (HGB)
Kost,2532600000,453,150,Lainnya
Apartemen,1068000000,0,178,Lainnya
Rumah,2415600000,427,244,Hak Milik (HM)
Apartemen,1158000000,0,193,Hak Guna Bangunan (HGB)
Apartemen,984000000,0,164,Lainnya
Ruko,1416000000,259,36,Hak Guna Bangunan (HGB)
Ruko,1819200000,283,96,Hak Guna Bangunan (HGB)
Kost,1050000000,125,125,Hak Milik (HM)
Apartemen,210000000,0,35,Lainnya
Ruko,1488000000,173,137,Hak Guna Bangunan (HGB)
Kost,940800000,134,90,Hak Guna Bangunan (HGB)
Gedung,1503600000,133,46,Hak Guna Bangunan (HGB)
Ruko,3436800000,433,283,Hak Guna Bangunan (HGB)
Kost,1499400000,229,128,Hak Guna Bangunan (HGB)
Apartemen,774000000,0,129,Lainnya
Ruko,2553600000,310,222,Hak Guna Bangunan (HGB)
Gedung,6350400000,451,305,Lainnya
Kost,646800000,110,44,Hak Milik (HM)
Apartemen,546000000,0,91,Hak Milik (HM)
Rumah,2214000000,484,131,Lainnya
Apartemen,402000000,0,67,Hak Guna Bangunan (HGB)
Apartemen,870000000,0,145,Hak Guna Bangunan (HGB)
Gedung,1503600000,123,56,Hak Milik (HM)
Kost,2087400000,367,130,Hak Guna Bangunan (HGB)
Apartemen,558000000,0,93,Hak Guna Bangunan (HGB)
Ruko,4046400000,444,399,Hak Guna Bangunan (HGB)
Rumah,428400000,69,50,Hak Milik (HM)
Kost,995400000,157,80,Lainnya
Kost,1050000000,144,106,Hak Milik (HM)
Ruko,1334400000,213,65,Lainnya
Gedung,6661200000,481,312,Hak Milik (HM)
Rumah,1857600000,452,64,Hak Milik (HM)
Kost,3259200000,457,319,Lainnya
Kost,2179800000,442,77,Hak Milik (HM)
Kost,1621200000,307,79,Lainnya
Kost,3435600000,474,344,Hak Milik (HM)
Rumah,2170800000,460,143,Lainnya
Apartemen,270000000,0,45,Hak Milik (HM)
Ruko,1939200000,335,69,Hak Milik (HM)
Kost,3305400000,426,361,Hak Milik (HM)
Ruko,801600000,110,57,Lainnya
Apartemen,240000000,0,40,Hak Guna Bangunan (HGB)
Kost,1638000000,317,73,Hak Milik (HM)
Rumah,1447200000,207,195,Lainnya
Gedung,1419600000,125,44,Hak Guna Bangunan (HGB)
Ruko,628800000,74,57,Lainnya
Apartemen,840000000,0,140,Hak Guna Bangunan (HGB)
Ruko,1771200000,186,183,Lainnya
Gedung,1839600000,183,36,Hak Milik (HM)
Ruko,1488000000,241,69,Lainnya
Gedung,4166400000,263,233,Lainnya
Gedung,4720800000,474,88,Hak Guna Bangunan (HGB)
Kost,1806000000,226,204,Hak Guna Bangunan (HGB)
Rumah,1990800000,347,206,Hak Milik (HM)
Kost,1134000000,139,131,Lainnya
Gedung,6132000000,496,234,Hak Guna Bangunan (HGB)
Rumah,518400000,106,38,Hak Milik (HM)
Kost,1331400000,195,122,Hak Guna Bangunan (HGB)
Ruko,2692800000,480,81,Lainnya
Ruko,1872000000,217,173,Hak Guna Bangunan (HGB)
Rumah,1260000000,216,134,Hak Milik (HM)
Apartemen,888000000,0,148,Hak Guna Bangunan (HGB)
Gedung,1411200000,122,46,Hak Guna Bangunan (HGB)
Kost,1503600000,203,155,Hak Milik (HM)
Rumah,2455200000,469,213,Hak Guna Bangunan (HGB)
Ruko,3076800000,425,216,Hak Milik (HM)
Kost,2877000000,370,315,Hak Guna Bangunan (HGB)
Rumah,450000000,73,52,Lainnya
Ruko,1051200000,174,45,Lainnya
Ruko,4401600000,492,425,Hak Guna Bangunan (HGB)
Kost,2028600000,426,57,Hak Guna Bangunan (HGB)
Gedung,3469200000,226,187,Lainnya
Kost,2662800000,428,206,Lainnya
Ruko,729600000,84,68,Lainnya
Apartemen,648000000,0,108,Lainnya
Ruko,1065600000,133,89,Hak Guna Bangunan (HGB)
Gedung,3166800000,209,168,Hak Guna Bangunan (HGB)
Ruko,2174400000,321,132,Lainnya
Ruko,1152000000,146,94,Hak Milik (HM)
Ruko,3302400000,401,287,Hak Guna Bangunan (HGB)
Apartemen,732000000,0,122,Lainnya
Apartemen,666000000,0,111,Lainnya
Rumah,2170800000,382,221,Lainnya
Kost,1176000000,217,63,Hak Guna Bangunan (HGB)
Rumah,1375200000,233,149,Lainnya
Kost,789600000,152,36,Lainnya
Rumah,918000000,200,55,Hak Milik (HM)
Apartemen,510000000,0,85,Lainnya
Rumah,2127600000,348,243,Hak Milik (HM)
Rumah,1681200000,278,189,Hak Guna Bangunan (HGB)
Apartemen,354000000,0,59,Hak Guna Bangunan (HGB)
Ruko,3028800000,428,203,Hak Milik (HM)
Gedung,1974000000,138,97,Lainnya
Rumah,1202400000,200,134,Hak Milik (HM)
Ruko,3292800000,497,189,Hak Guna Bangunan (HGB)
Apartemen,942000000,0,157,Hak Milik (HM)
Gedung,2251200000,138,130,Hak Milik (HM)
Ruko,571200000,84,35,Lainnya
Rumah,1036800000,199,89,Lainnya
Rumah,1314000000,335,30,Hak Milik (HM)
Kost,1134000000,144,126,Hak Milik (HM)
Apartemen,438000000,0,73,Hak Guna Bangunan (HGB)
Ruko,2227200000,434,30,Lainnya
Kost,1243200000,156,140,Hak Milik (HM)
Ruko,3590400000,444,304,Lainnya
Gedung,2007600000,154,85,Lainnya
Kost,2226000000,295,235,Hak Guna Bangunan (HGB)
Rumah,1429200000,205,192,Hak Guna Bangunan (HGB)
Rumah,752400000,131,78,Hak Milik (HM)
Rumah,453600000,88,38,Hak Milik (HM)
Apartemen,570000000,0,95,Hak Milik (HM)
Kost,1436400000,212,130,Hak Guna Bangunan (HGB)
Gedung,1402800000,107,60,Hak Guna Bangunan (HGB)
Rumah,1998000000,300,255,Lainnya
Kost,2431800000,292,287,Hak Milik (HM)
Kost,2507400000,354,243,Lainnya
Kost,516600000,76,47,Hak Guna Bangunan (HGB)
Rumah,2336400000,451,198,Hak Milik (HM)
Apartemen,276000000,0,46,Lainnya
Apartemen,450000000,0,75,Hak Guna Bangunan (HGB)
Gedung,882000000,56,49,Hak Milik (HM)
Kost,1982400000,355,117,Lainnya
Rumah,1173600000,209,117,Lainnya
Gedung,3780000000,263,187,Hak Milik (HM)
Gedung,1218000000,86,59,Hak Milik (HM)
Gedung,1075200000,91,37,Hak Milik (HM)
Apartemen,912000000,0,152,Hak Guna Bangunan (HGB)
Ruko,2164800000,296,155,Lainnya
Rumah,1098000000,245,60,Hak Milik (HM)
Ruko,734400000,93,60,Hak Guna Bangunan (HGB)
Rumah,1695600000,370,101,Hak Milik (HM)
Ruko,3835200000,474,325,Lainnya
Gedung,5384400000,323,318,Lainnya
Apartemen,918000000,0,153,Hak Guna Bangunan (HGB)
Rumah,2163600000,494,107,Lainnya
Rumah,597600000,96,70,Lainnya
Rumah,820800000,166,62,Lainnya
Gedung,4914000000,478,107,Hak Guna Bangunan (HGB)
Kost,2931600000,453,245,Hak Milik (HM)
Ruko,2356800000,326,165,Hak Guna Bangunan (HGB)
Ruko,729600000,87,65,Hak Guna Bangunan (HGB)
Gedung,6711600000,420,379,Hak Guna Bangunan (HGB)
Ruko,2448000000,341,169,Hak Guna Bangunan (HGB)
Ruko,1881600000,211,181,Hak Milik (HM)
Gedung,5964000000,425,285,Lainnya
Gedung,5426400000,483,163,Hak Guna Bangunan (HGB)
Gedung,4401600000,340,184,Hak Guna Bangunan (HGB)
Ruko,1339200000,226,53,Lainnya
Kost,1247400000,175,122,Hak Guna Bangunan (HGB)
Ruko,2414400000,460,43,Hak Guna Bangunan (HGB)
Ruko,1416000000,158,137,Hak Guna Bangunan (HGB)
Gedung,1159200000,81,57,Lainnya
Kost,1331400000,221,96,Hak Guna Bangunan (HGB)
Rumah,1864800000,309,209,Hak Guna Bangunan (HGB)
Rumah,1382400000,239,145,Hak Guna Bangunan (HGB)
Rumah,2415600000,471,200,Hak Milik (HM)
Ruko,1435200000,192,107,Hak Milik (HM)
Rumah,2451600000,499,182,Hak Guna Bangunan (HGB)
Kost,3544800000,495,349,Hak Milik (HM)
Ruko,2755200000,401,173,Lainnya
